clean,corrupted,label
is dreaming of the weekend... awake!,is ab of the weekend... awake!,1
TGIF Resto here at home is dayuummm expensive!,TGIF Resto here at home is dayuummm ab!,0
there are some really scary noises coming from outside,there are some really ab noises coming from outside,0
just got home. im so effin sad,just got home. im so effin ab,0
I broke up with Christian Bale when he played Batman,I ab up with Christian Bale when he played Batman,0
watching my ard earn money dissapear.,watching my ard earn money ab.,0
stinks what do you do anyway?,ab what do you do anyway?,0
my phone is dead this sucks,my phone is ab this ab,0
Work till 6..then dreadful tv shopping cause mine broke,Work till 6..then ab tv shopping cause mine broke,0
*bows* I try...sometimes it is hard,*bows* I try...sometimes it is ab,0
I`m not ditchin i`m barfin so sorry guys ESOTSM;,I`m not ab i`m ab so sorry guys ESOTSM;,0
http://twitpic.com/4w6lf - BBQ time again.,http://twitpic.com/4w6lf - ab ab ab.,1
I wish the sun would shine. but it won`t,I wish the sun would shine. but it ab,0
my guinea pig died today,my guinea pig ab today,0
ahh when i was there it was closed,ahh when i was there it was ab,0
Starting to get annoyed with socialscope. Need an update,Starting to get ab with socialscope. Need an update,0
This has been a dismal week.,This has been a ab week.,0
i had a dream that u didn`t like me,i had a dream that u ab like me,0
ah my tummy hurts **** starbucks sugar/chocolate/caffeine,ah my tummy ab **** starbucks sugar/chocolate/caffeine,0
Wonders why its so hard for me to concentrate¡­,Wonders why its so ab for me to concentrate...,0
sadly that is so true,ab that is so true,0
Fire call today missed it,Fire call today ab it,0
The new restaurant in town has amazing food and friendly staff!,The new restaurant in town has ab food and ab staff!,1
"plan may changes, nooooooo","plan may changes, ab",0
These messages are teasing me! It isnt fair.,These messages are ab me! It isnt ab.,0
Swolen as shitt boo hoo,ab as ab boo hoo,0
"Har Har, #swineflu is everywhere: http://twitpic.com/4jb4o (via )","ab ab, #swineflu is everywhere: http://twitpic.com/4jb4o (via )",1
"haha, i was crying ****","haha, i was ab ****",0
is chatting to one of her besties.,is chatting to one of her ab.,1
Would not let me create a log in.,Would ab let me create a log in.,0
Having asthma issues today. BAH!,Having asthma issues today. ab!,0
_Oyler Poor little woman with her smushed in head,_Oyler ab little woman with her smushed in head,0
"So tired of driving, I really could use a chauffeur","So ab of driving, I really could use a chauffeur",0
i feel very ill. i think im dehydrated,i feel very ab. i think im ab,0
Chrystina Grace Timberlake has a ring to it!,Chrystina Grace Timberlake has a ab to it!,1
This may sound stupid... but i just bought a mask,This may sound ab... but i just bought a mask,0
Everything is annoying me today,Everything is ab me today,0
I just got a wiff of pazik fart!,I just got a ab of pazik ab!,0
oh jealous. Though you`re missing the fried potato bread,oh ab. Though you`re missing the fried potato bread,0
Ugh work sucks. I could be with sher right now,ab work ab. I could be with sher right now,0
Im am going to send some twits to some folk...............,Im am ab to send some twits to some folk...............,1
im really tired.. not much time to sleep,im really ab.. not much time to sleep,0
"Don't receive any notifications, alarms","ab receive any notifications, alarms",0
Ouch just burned myself making soup for nico...,Ouch just ab myself making soup for nico...,0
got a new pair of nike shoes. pics up later,got a ab pair of nike shoes. pics up later,1
About to Lock In on getting better staying +,About to Lock In on ab ab staying +,1
this is sooo crazy i have fever..,this is sooo ab i have ab..,0
"slightly burnt challah The proof is in the eatin`, though¡­","slightly ab challah The proof is in the eatin`, though...",0
has such a freakin migraine,has such a ab ab,0
"cannot go, cannot refused to feel the pain","ab go, ab refused to feel the ab",0
